{
"lengthUnit": "mil",
"components": {
	"fields": ["COMPONENT_NO", "COMPONENT_NAME", "LAYER", "X_COORDINATE", "Y_COORDINATE", "ANGLE"],
	"rows": [
		[1, "D1", "B", 710, -330, 270],
		[2, "J1", "B", 250, -260, 0],
		[3, "J2", "B", 295, -1035, 90],
		[4, "J3", "B", 555, -1795, 180],
		[5, "R1", "B", 630, -1140, 90],
		[6, "R2", "B", 455.64, -1136.46, 90],
		[7, "SW1", "T", 126.34, -515.75, 0],
		[8, "SW5", "T", 1810, -1355, 0],
		[9, "SW6", "T", 150, -1365, 0],
		[10, "SW7", "T", 1810, -520, 0],
		[11, "U1", "T", 1081.14, -320.71, 0],
		[12, "U2", "B", 1585, -55, 180]
	]
},
"pins": {
	"fields": ["PIN_NO", "PIN_NAME", "PIN_X", "PIN_Y", "LAYER", "PIN_TYPE", "NET_NAME", "NET_TYPE", "PAD_SHAPE", "PAD_SIZEX", "PAD_SIZEY", "HOLE_SIZE", "PAD_ANGLE"],
	"rows": [
		[1, "D1_1", 710, -330, "T", "DIP", "$1N4", "", "C", 66.93, 66.93, 35.43, 270],
		[2, "D1_1", 710, -330, "B", "DIP", "$1N4", "", "C", 66.93, 66.93, 35.43, 270],
		[3, "D1_2", 710, -630, "T", "DIP", "$1N3", "", "C", 66.93, 66.93, 35.43, 270],
		[4, "D1_2", 710, -630, "B", "DIP", "$1N3", "", "C", 66.93, 66.93, 35.43, 270],
		[5, "J1_A12", 311.81, -269.84, "B", "SMD", "POWER_GND", "", "R", 31.5, 70.87, 0, 0],
		[6, "J1_A5", 400.4, -269.84, "B", "SMD", "$1N21", "", "R", 27.56, 70.87, 0, 0],
		[7, "J1_A9", 360.24, -269.84, "B", "SMD", "$1N9", "", "R", 31.5, 70.87, 0, 0],
		[8, "J1_B12", 528.35, -269.84, "B", "SMD", "POWER_GND", "", "R", 31.5, 70.87, 0, 0],
		[9, "J1_B5", 439.77, -269.84, "B", "SMD", "$1N1", "", "R", 27.56, 70.87, 0, 0],
		[10, "J1_B9", 479.92, -269.84, "B", "SMD", "$1N9", "", "R", 31.5, 70.87, 0, 0],
		[11, "J1_S1", 250, -260, "T", "DIP", "POWER_GND", "", "O", 39.37, 74.8, 55.12, 0],
		[12, "J1_S1", 250, -260, "B", "DIP", "POWER_GND", "", "O", 39.37, 74.8, 55.12, 0],
		[13, "J1_S1", 250, -110.39, "T", "DIP", "POWER_GND", "", "O", 39.37, 74.8, 55.12, 0],
		[14, "J1_S1", 250, -110.39, "B", "DIP", "POWER_GND", "", "O", 39.37, 74.8, 55.12, 0],
		[15, "J1_S1", 590.16, -110.39, "T", "DIP", "POWER_GND", "", "O", 39.37, 74.8, 55.12, 0],
		[16, "J1_S1", 590.16, -110.39, "B", "DIP", "POWER_GND", "", "O", 39.37, 74.8, 55.12, 0],
		[17, "J1_S1", 590.16, -260, "T", "DIP", "POWER_GND", "", "O", 39.37, 74.8, 55.12, 0],
		[18, "J1_S1", 590.16, -260, "B", "DIP", "POWER_GND", "", "O", 39.37, 74.8, 55.12, 0],
		[19, "J2_1", 295, -1035, "T", "DIP", "$1N10", "", "R", 66.93, 66.93, 37.4, 270],
		[20, "J2_1", 295, -1035, "B", "DIP", "$1N10", "", "R", 66.93, 66.93, 37.4, 270],
		[21, "J2_2", 295, -936.57, "T", "DIP", "POWER_GND", "", "C", 66.93, 66.93, 37.4, 270],
		[22, "J2_2", 295, -936.57, "B", "DIP", "POWER_GND", "", "C", 66.93, 66.93, 37.4, 270],
		[23, "J2_3", 295, -838.15, "T", "DIP", "$1N3", "", "C", 66.93, 66.93, 37.4, 90],
		[24, "J2_3", 295, -838.15, "B", "DIP", "$1N3", "", "C", 66.93, 66.93, 37.4, 90],
		[25, "J3_1", 555, -1795, "T", "DIP", "$1N1510", "", "R", 66.93, 66.93, 37.4, 180],
		[26, "J3_1", 555, -1795, "B", "DIP", "$1N1510", "", "R", 66.93, 66.93, 37.4, 180],
		[27, "J3_2", 456.57, -1795, "T", "DIP", "POWER_GND", "", "C", 66.93, 66.93, 37.4, 180],
		[28, "J3_2", 456.57, -1795, "B", "DIP", "POWER_GND", "", "C", 66.93, 66.93, 37.4, 180],
		[29, "J3_3", 358.15, -1795, "T", "DIP", "$1N3", "", "C", 66.93, 66.93, 37.4, 180],
		[30, "J3_3", 358.15, -1795, "B", "DIP", "$1N3", "", "C", 66.93, 66.93, 37.4, 180],
		[31, "R1_1", 630, -1140, "T", "DIP", "POWER_GND", "", "C", 62.99, 62.99, 31.5, 90],
		[32, "R1_1", 630, -1140, "B", "DIP", "POWER_GND", "", "C", 62.99, 62.99, 31.5, 90],
		[33, "R1_2", 630, -740, "T", "DIP", "$1N1", "", "C", 62.99, 62.99, 31.5, 90],
		[34, "R1_2", 630, -740, "B", "DIP", "$1N1", "", "C", 62.99, 62.99, 31.5, 90],
		[35, "R2_1", 455.64, -1136.46, "T", "DIP", "POWER_GND", "", "C", 62.99, 62.99, 31.5, 90],
		[36, "R2_1", 455.64, -1136.46, "B", "DIP", "POWER_GND", "", "C", 62.99, 62.99, 31.5, 90],
		[37, "R2_2", 455.64, -736.46, "T", "DIP", "$1N21", "", "C", 62.99, 62.99, 31.5, 90],
		[38, "R2_2", 455.64, -736.46, "B", "DIP", "$1N21", "", "C", 62.99, 62.99, 31.5, 90],
		[39, "SW1_1", 126.34, -515.75, "T", "DIP", "$1N9", "", "R", 74.8, 110.24, 82.68, 0],
		[40, "SW1_1", 126.34, -515.75, "B", "DIP", "$1N9", "", "R", 74.8, 110.24, 82.68, 0],
		[41, "SW1_2", 311.38, -515.75, "T", "DIP", "$1N3", "", "R", 74.8, 110.24, 82.68, 0],
		[42, "SW1_2", 311.38, -515.75, "B", "DIP", "$1N3", "", "R", 74.8, 110.24, 82.68, 0],
		[43, "SW5_1", 1810, -1355, "T", "DIP", "POWER_GND", "", "C", 78.74, 78.74, 43.31, 90],
		[44, "SW5_1", 1810, -1355, "B", "DIP", "POWER_GND", "", "C", 78.74, 78.74, 43.31, 90],
		[45, "SW5_2", 2310, -1355, "T", "DIP", "POWER_GND", "", "C", 78.74, 78.74, 43.31, 90],
		[46, "SW5_2", 2310, -1355, "B", "DIP", "POWER_GND", "", "C", 78.74, 78.74, 43.31, 90],
		[47, "SW5_3", 1810, -1555, "T", "DIP", "$1N1108", "", "C", 78.74, 78.74, 43.31, 90],
		[48, "SW5_3", 1810, -1555, "B", "DIP", "$1N1108", "", "C", 78.74, 78.74, 43.31, 90],
		[49, "SW5_4", 2310, -1555, "T", "DIP", "SW5_4", "", "C", 78.74, 78.74, 43.31, 90],
		[50, "SW5_4", 2310, -1555, "B", "DIP", "SW5_4", "", "C", 78.74, 78.74, 43.31, 90],
		[51, "SW6_1", 150, -1365, "T", "DIP", "POWER_GND", "", "C", 78.74, 78.74, 43.31, 90],
		[52, "SW6_1", 150, -1365, "B", "DIP", "POWER_GND", "", "C", 78.74, 78.74, 43.31, 90],
		[53, "SW6_2", 650, -1365, "T", "DIP", "POWER_GND", "", "C", 78.74, 78.74, 43.31, 90],
		[54, "SW6_2", 650, -1365, "B", "DIP", "POWER_GND", "", "C", 78.74, 78.74, 43.31, 90],
		[55, "SW6_3", 150, -1565, "T", "DIP", "SW6_3", "", "C", 78.74, 78.74, 43.31, 90],
		[56, "SW6_3", 150, -1565, "B", "DIP", "SW6_3", "", "C", 78.74, 78.74, 43.31, 90],
		[57, "SW6_4", 650, -1565, "T", "DIP", "$1N27", "", "C", 78.74, 78.74, 43.31, 90],
		[58, "SW6_4", 650, -1565, "B", "DIP", "$1N27", "", "C", 78.74, 78.74, 43.31, 90],
		[59, "SW7_1", 1810, -520, "T", "DIP", "$1N1504", "", "C", 78.74, 78.74, 43.31, 90],
		[60, "SW7_1", 1810, -520, "B", "DIP", "$1N1504", "", "C", 78.74, 78.74, 43.31, 90],
		[61, "SW7_2", 2310, -520, "T", "DIP", "SW7_2", "", "C", 78.74, 78.74, 43.31, 90],
		[62, "SW7_2", 2310, -520, "B", "DIP", "SW7_2", "", "C", 78.74, 78.74, 43.31, 90],
		[63, "SW7_3", 1810, -720, "T", "DIP", "POWER_GND", "", "C", 78.74, 78.74, 43.31, 90],
		[64, "SW7_3", 1810, -720, "B", "DIP", "POWER_GND", "", "C", 78.74, 78.74, 43.31, 90],
		[65, "SW7_4", 2310, -720, "T", "DIP", "POWER_GND", "", "C", 78.74, 78.74, 43.31, 90],
		[66, "SW7_4", 2310, -720, "B", "DIP", "POWER_GND", "", "C", 78.74, 78.74, 43.31, 90],
		[67, "U1_1", 1081.14, -320.71, "T", "DIP", "U1_1", "", "R", 62.99, 62.99, 31.5, 0],
		[68, "U1_1", 1081.14, -320.71, "B", "DIP", "U1_1", "", "R", 62.99, 62.99, 31.5, 0],
		[69, "U1_2", 1081.14, -420.71, "T", "DIP", "U1_2", "", "C", 62.99, 62.99, 31.5, 0],
		[70, "U1_2", 1081.14, -420.71, "B", "DIP", "U1_2", "", "C", 62.99, 62.99, 31.5, 0],
		[71, "U1_3", 1081.14, -520.71, "T", "DIP", "U1_3", "", "C", 62.99, 62.99, 31.5, 0],
		[72, "U1_3", 1081.14, -520.71, "B", "DIP", "U1_3", "", "C", 62.99, 62.99, 31.5, 0],
		[73, "U1_4", 1081.14, -620.71, "T", "DIP", "POWER_GND", "", "C", 62.99, 62.99, 31.5, 0],
		[74, "U1_4", 1081.14, -620.71, "B", "DIP", "POWER_GND", "", "C", 62.99, 62.99, 31.5, 0],
		[75, "U1_5", 1081.14, -720.71, "T", "DIP", "$1N5", "", "C", 62.99, 62.99, 31.5, 0],
		[76, "U1_5", 1081.14, -720.71, "B", "DIP", "$1N5", "", "C", 62.99, 62.99, 31.5, 0],
		[77, "U1_6", 1081.14, -820.71, "T", "DIP", "$1N1510", "", "C", 62.99, 62.99, 37.8, 0],
		[78, "U1_6", 1081.14, -820.71, "B", "DIP", "$1N1510", "", "C", 62.99, 62.99, 37.8, 0],
		[79, "U1_7", 1081.14, -920.71, "T", "DIP", "POWER_GND", "", "C", 62.99, 62.99, 31.5, 0],
		[80, "U1_7", 1081.14, -920.71, "B", "DIP", "POWER_GND", "", "C", 62.99, 62.99, 31.5, 0],
		[81, "U1_8", 1381.14, -920.71, "T", "DIP", "U1_8", "", "C", 62.99, 62.99, 31.5, 0],
		[82, "U1_8", 1381.14, -920.71, "B", "DIP", "U1_8", "", "C", 62.99, 62.99, 31.5, 0],
		[83, "U1_9", 1381.14, -820.71, "T", "DIP", "U1_9", "", "C", 62.99, 62.99, 31.5, 0],
		[84, "U1_9", 1381.14, -820.71, "B", "DIP", "U1_9", "", "C", 62.99, 62.99, 31.5, 0],
		[85, "U1_10", 1381.14, -720.71, "T", "DIP", "U1_10", "", "C", 62.99, 62.99, 31.5, 0],
		[86, "U1_10", 1381.14, -720.71, "B", "DIP", "U1_10", "", "C", 62.99, 62.99, 31.5, 0],
		[87, "U1_11", 1381.14, -620.71, "T", "DIP", "$1N10", "", "C", 62.99, 62.99, 31.5, 0],
		[88, "U1_11", 1381.14, -620.71, "B", "DIP", "$1N10", "", "C", 62.99, 62.99, 31.5, 0],
		[89, "U1_12", 1381.14, -520.71, "T", "DIP", "$1N25", "", "C", 62.99, 62.99, 31.5, 0],
		[90, "U1_12", 1381.14, -520.71, "B", "DIP", "$1N25", "", "C", 62.99, 62.99, 31.5, 0],
		[91, "U1_13", 1381.14, -420.71, "T", "DIP", "POWER_GND", "", "C", 62.99, 62.99, 31.5, 0],
		[92, "U1_13", 1381.14, -420.71, "B", "DIP", "POWER_GND", "", "C", 62.99, 62.99, 31.5, 0],
		[93, "U1_14", 1381.14, -320.71, "T", "DIP", "$1N4", "", "C", 62.99, 62.99, 31.5, 0],
		[94, "U1_14", 1381.14, -320.71, "B", "DIP", "$1N4", "", "C", 62.99, 62.99, 31.5, 0],
		[95, "U2_1", 1585, -55, "T", "DIP", "U2_1", "", "R", 62.99, 62.99, 39.37, 180],
		[96, "U2_1", 1585, -55, "B", "DIP", "U2_1", "", "R", 62.99, 62.99, 39.37, 180],
		[97, "U2_2", 1585, -155, "T", "DIP", "U2_2", "", "C", 62.99, 62.99, 39.37, 180],
		[98, "U2_2", 1585, -155, "B", "DIP", "U2_2", "", "C", 62.99, 62.99, 39.37, 180],
		[99, "U2_3", 1585, -255, "T", "DIP", "POWER_GND", "", "C", 62.99, 62.99, 39.37, 180],
		[100, "U2_3", 1585, -255, "B", "DIP", "POWER_GND", "", "C", 62.99, 62.99, 39.37, 180],
		[101, "U2_4", 1585, -355, "T", "DIP", "U2_4", "", "C", 62.99, 62.99, 39.37, 180],
		[102, "U2_4", 1585, -355, "B", "DIP", "U2_4", "", "C", 62.99, 62.99, 39.37, 180],
		[103, "U2_5", 1585, -455, "T", "DIP", "$1N1504", "", "C", 62.99, 62.99, 39.37, 180],
		[104, "U2_5", 1585, -455, "B", "DIP", "$1N1504", "", "C", 62.99, 62.99, 39.37, 180],
		[105, "U2_6", 1585, -555, "T", "DIP", "$1N25", "", "C", 62.99, 62.99, 39.37, 180],
		[106, "U2_6", 1585, -555, "B", "DIP", "$1N25", "", "C", 62.99, 62.99, 39.37, 180],
		[107, "U2_7", 1585, -655, "T", "DIP", "U2_7", "", "C", 62.99, 62.99, 39.37, 180],
		[108, "U2_7", 1585, -655, "B", "DIP", "U2_7", "", "C", 62.99, 62.99, 39.37, 180],
		[109, "U2_8", 1585, -755, "T", "DIP", "POWER_GND", "", "C", 62.99, 62.99, 39.37, 180],
		[110, "U2_8", 1585, -755, "B", "DIP", "POWER_GND", "", "C", 62.99, 62.99, 39.37, 180],
		[111, "U2_9", 1585, -855, "T", "DIP", "U2_9", "", "C", 62.99, 62.99, 39.37, 180],
		[112, "U2_9", 1585, -855, "B", "DIP", "U2_9", "", "C", 62.99, 62.99, 39.37, 180],
		[113, "U2_10", 1585, -955, "T", "DIP", "U2_10", "", "C", 62.99, 62.99, 39.37, 180],
		[114, "U2_10", 1585, -955, "B", "DIP", "U2_10", "", "C", 62.99, 62.99, 39.37, 180],
		[115, "U2_11", 1585, -1055, "T", "DIP", "U2_11", "", "C", 62.99, 62.99, 39.37, 180],
		[116, "U2_11", 1585, -1055, "B", "DIP", "U2_11", "", "C", 62.99, 62.99, 39.37, 180],
		[117, "U2_12", 1585, -1155, "T", "DIP", "U2_12", "", "C", 62.99, 62.99, 39.37, 180],
		[118, "U2_12", 1585, -1155, "B", "DIP", "U2_12", "", "C", 62.99, 62.99, 39.37, 180],
		[119, "U2_13", 1585, -1255, "T", "DIP", "POWER_GND", "", "C", 62.99, 62.99, 39.37, 180],
		[120, "U2_13", 1585, -1255, "B", "DIP", "POWER_GND", "", "C", 62.99, 62.99, 39.37, 180],
		[121, "U2_14", 1585, -1355, "T", "DIP", "U2_14", "", "C", 62.99, 62.99, 39.37, 180],
		[122, "U2_14", 1585, -1355, "B", "DIP", "U2_14", "", "C", 62.99, 62.99, 39.37, 180],
		[123, "U2_15", 1585, -1455, "T", "DIP", "U2_15", "", "C", 62.99, 62.99, 39.37, 180],
		[124, "U2_15", 1585, -1455, "B", "DIP", "U2_15", "", "C", 62.99, 62.99, 39.37, 180],
		[125, "U2_16", 1585, -1555, "T", "DIP", "$1N1108", "", "C", 62.99, 62.99, 39.37, 180],
		[126, "U2_16", 1585, -1555, "B", "DIP", "$1N1108", "", "C", 62.99, 62.99, 39.37, 180],
		[127, "U2_17", 1585, -1655, "T", "DIP", "U2_17", "", "C", 62.99, 62.99, 39.37, 180],
		[128, "U2_17", 1585, -1655, "B", "DIP", "U2_17", "", "C", 62.99, 62.99, 39.37, 180],
		[129, "U2_18", 1585, -1755, "T", "DIP", "POWER_GND", "", "C", 62.99, 62.99, 39.37, 180],
		[130, "U2_18", 1585, -1755, "B", "DIP", "POWER_GND", "", "C", 62.99, 62.99, 39.37, 180],
		[131, "U2_19", 1585, -1855, "T", "DIP", "U2_19", "", "C", 62.99, 62.99, 39.37, 180],
		[132, "U2_19", 1585, -1855, "B", "DIP", "U2_19", "", "C", 62.99, 62.99, 39.37, 180],
		[133, "U2_20", 1585, -1955, "T", "DIP", "U2_20", "", "C", 62.99, 62.99, 39.37, 180],
		[134, "U2_20", 1585, -1955, "B", "DIP", "U2_20", "", "C", 62.99, 62.99, 39.37, 180],
		[135, "U2_21", 885, -1955, "T", "DIP", "U2_21", "", "C", 62.99, 62.99, 39.37, 180],
		[136, "U2_21", 885, -1955, "B", "DIP", "U2_21", "", "C", 62.99, 62.99, 39.37, 180],
		[137, "U2_22", 885, -1855, "T", "DIP", "U2_22", "", "C", 62.99, 62.99, 39.37, 180],
		[138, "U2_22", 885, -1855, "B", "DIP", "U2_22", "", "C", 62.99, 62.99, 39.37, 180],
		[139, "U2_23", 885, -1755, "T", "DIP", "POWER_GND", "", "C", 62.99, 62.99, 39.37, 180],
		[140, "U2_23", 885, -1755, "B", "DIP", "POWER_GND", "", "C", 62.99, 62.99, 39.37, 180],
		[141, "U2_24", 885, -1655, "T", "DIP", "U2_24", "", "C", 62.99, 62.99, 39.37, 180],
		[142, "U2_24", 885, -1655, "B", "DIP", "U2_24", "", "C", 62.99, 62.99, 39.37, 180],
		[143, "U2_25", 885, -1555, "T", "DIP", "$1N27", "", "C", 62.99, 62.99, 39.37, 180],
		[144, "U2_25", 885, -1555, "B", "DIP", "$1N27", "", "C", 62.99, 62.99, 39.37, 180],
		[145, "U2_26", 885, -1455, "T", "DIP", "U2_26", "", "C", 62.99, 62.99, 39.37, 180],
		[146, "U2_26", 885, -1455, "B", "DIP", "U2_26", "", "C", 62.99, 62.99, 39.37, 180],
		[147, "U2_27", 885, -1355, "T", "DIP", "U2_27", "", "C", 62.99, 62.99, 39.37, 180],
		[148, "U2_27", 885, -1355, "B", "DIP", "U2_27", "", "C", 62.99, 62.99, 39.37, 180],
		[149, "U2_28", 885, -1255, "T", "DIP", "POWER_GND", "", "C", 62.99, 62.99, 39.37, 180],
		[150, "U2_28", 885, -1255, "B", "DIP", "POWER_GND", "", "C", 62.99, 62.99, 39.37, 180],
		[151, "U2_29", 885, -1155, "T", "DIP", "$1N5", "", "C", 62.99, 62.99, 39.37, 180],
		[152, "U2_29", 885, -1155, "B", "DIP", "$1N5", "", "C", 62.99, 62.99, 39.37, 180],
		[153, "U2_30", 885, -1055, "T", "DIP", "U2_30", "", "C", 62.99, 62.99, 39.37, 180],
		[154, "U2_30", 885, -1055, "B", "DIP", "U2_30", "", "C", 62.99, 62.99, 39.37, 180],
		[155, "U2_31", 885, -955, "T", "DIP", "U2_31", "", "C", 62.99, 62.99, 39.37, 180],
		[156, "U2_31", 885, -955, "B", "DIP", "U2_31", "", "C", 62.99, 62.99, 39.37, 180],
		[157, "U2_32", 885, -855, "T", "DIP", "U2_32", "", "C", 62.99, 62.99, 39.37, 180],
		[158, "U2_32", 885, -855, "B", "DIP", "U2_32", "", "C", 62.99, 62.99, 39.37, 180],
		[159, "U2_33", 885, -755, "T", "DIP", "U2_33", "", "C", 62.99, 62.99, 39.37, 180],
		[160, "U2_33", 885, -755, "B", "DIP", "U2_33", "", "C", 62.99, 62.99, 39.37, 180],
		[161, "U2_34", 885, -655, "T", "DIP", "U2_34", "", "C", 62.99, 62.99, 39.37, 180],
		[162, "U2_34", 885, -655, "B", "DIP", "U2_34", "", "C", 62.99, 62.99, 39.37, 180],
		[163, "U2_35", 885, -555, "T", "DIP", "U2_35", "", "C", 62.99, 62.99, 39.37, 180],
		[164, "U2_35", 885, -555, "B", "DIP", "U2_35", "", "C", 62.99, 62.99, 39.37, 180],
		[165, "U2_36", 885, -455, "T", "DIP", "U2_36", "", "C", 62.99, 62.99, 39.37, 180],
		[166, "U2_36", 885, -455, "B", "DIP", "U2_36", "", "C", 62.99, 62.99, 39.37, 180],
		[167, "U2_37", 885, -355, "T", "DIP", "U2_37", "", "C", 62.99, 62.99, 39.37, 180],
		[168, "U2_37", 885, -355, "B", "DIP", "U2_37", "", "C", 62.99, 62.99, 39.37, 180],
		[169, "U2_38", 885, -255, "T", "DIP", "POWER_GND", "", "C", 62.99, 62.99, 39.37, 180],
		[170, "U2_38", 885, -255, "B", "DIP", "POWER_GND", "", "C", 62.99, 62.99, 39.37, 180],
		[171, "U2_39", 885, -155, "T", "DIP", "$1N4", "", "C", 62.99, 62.99, 39.37, 180],
		[172, "U2_39", 885, -155, "B", "DIP", "$1N4", "", "C", 62.99, 62.99, 39.37, 180],
		[173, "U2_40", 885, -55, "T", "DIP", "U2_40", "", "C", 62.99, 62.99, 39.37, 180],
		[174, "U2_40", 885, -55, "B", "DIP", "U2_40", "", "C", 62.99, 62.99, 39.37, 180]
	]
}
}